title,price,mark,score
"Téléphone Google Pixel 8 Débloqué 5G, 8Go 256GB Noir volcanique",568.8,Téléphone,4.2
"Samsung Galaxy Z Fold6, Smartphone Android 5G avec Galaxy AI, 256 Go, Chargeur secteur rapide 25W inclus, Smartphone déverrouillé, Rose, Version FR",0.0,Samsung,4.7
"Samsung Galaxy Z Flip6, Smartphone Android 5G avec Galaxy AI, 256 Go, Chargeur secteur rapide 25W inclus, Smartphone déverrouillé, Bleu, Version FR",984.0,Samsung,3.7
"SPC Stella 2 - Téléphone Portable Senior à Clapet avec Grosses Touches, Bouton SOS, Facile à Utiliser, 3 Mémoires Directes, Base de Chargement - Noir",30.99,SPC,4.2
"HONOR 200 Lite, Smartphone 5G, 8 Go + 256 Go, écran AMOLED Anti-Chute 6,7 Pouces, Triple Appareil Photo arrière 108 Mpx, Appareil Photo Avant 50 Mpx, Double SIM, Android 14, Cyan",184.9,HONOR,4.2
"MsMga Smartphone Bon marché et agréable, écran IPS de 5,0 Pouces, 16 Go de ROM (évolutif jusqu'à 128 Go), Android 9.0, Double Caméra Double 3G SIM Téléphone Mobile (Light Purple)",0.0,MsMga,2.3
Xiaomi Redmi Note 13 5G 8GB+256GB White(Version Française + 2 Ans de Garantie),201.9,Xiaomi,4.3
"XIAOMI REDMI NOTE 13 8/256G 4G Blue, Ecran 6.67'', Smartphone Débloqué, Batterie mAh 5000, Mémoire ROM 256GO,RAM 8GO, Android 13, Processeur Snapdragon® 685, Gravure en 6nm, huit-coeurs jusqu’à 2,8GHz",127.5,XIAOMI,4.3
"Xiaomi Smartphone Redmi 12, 128 Go, 4G, Grand écran de 6,79’’, Triple caméra arrière de 50MP avec IA, Batterie Haute capacité de 5000mAh, Bleu",132.69,Xiaomi,4.1
Xiaomi Redmi A3 Dual SIM 3GB RAM 64GB Midnight Black EU,79.0,Xiaomi,4.0
"Xiaomi Redmi A3 Vert Forêt 3+64go 6,71"" 90hz HD+",82.95,Xiaomi,4.4
Samsung SM-A057 Galaxy A05s Dual SIM 4GB RAM 64GB Black EU,117.65,Samsung,4.3
"Xiaomi REDMI A3 4, Telephone Portable 128GB, Double caméra arrière 8MP avec IA, Compatible Charge Rapide 10W, Noir",96.65,Xiaomi,4.0
"XIAOMI REDMI NOTE 13 4G, Ecran 6.67'', Batterie mAh 5000, Mémoire ROM 256GO,RAM 8GO, Android 13, Snapdragon®685, Midnight Black",183.0,XIAOMI,4.1
Xiaomi Redmi A3 Dual SIM 3GB RAM 64GB Star Blue EU,78.99,Xiaomi,4.4
"Xiaomi Redmi 13C 8GB RAM 256GB ROM [Version Globale] (Midnight Black), Triple caméra arrière de 50MP avec IA",147.79,Xiaomi,4.1
"Google Pixel 9 – Smartphone Android débloqué avec Gemini, Appareil Photo avancé, 24 Heures d'autonomie et écran Actua 6,3 Pouces – Rose Pivoine, 256GB",899.0,Google,4.5
"Google Pixel 8 Pro – Smartphone Android débloqué avec téléobjectif, 24 Heures d'autonomie et écran Super Actua– Bleu Azur, 128GB",599.99,Google,4.4
"Hammer H Power LTE Télephone avec Boutons Incassable Debloqué IP68 Résistant Etanche Antichoc, Dual SIM, Batterie 3100 mAh, Grosses Touches, Caméra 2mpx, Lampe de Poche, Boost, Noir",73.0,Hammer,3.8
"Motorola Moto E14 (2/64 Go, Batterie 5000 Mah, Écran 6,56' Hd+ 90 Hz, Appareil Photo 13Mp, Processeur Unisoc T606, Dual Sim, Android 14 (Go Edition)), Gris Anthracite",71.35,Motorola,4.2
Samsung Galaxy A14 4G 64GB Black,137.49,Samsung,4.3
"Xiaomi Redmi Note 13 Pro 16,9 cm (6.67"") Double SIM 5G USB Type-C 8 Go 256 Go 5100 mAh Noir Black",292.96,Xiaomi,4.4
Smartphone XIAOMI REDMI14C128VERT,113.83,Smartphone,5.0
"Xiaomi REDMI A3 4, Telephone portable128GB, Double caméra avec IA, Compatible Charge Rapide 10W, Bleu",85.68,Xiaomi,4.2
Samsung Galaxy A15 4G Smartphone 128 Go Bleu nuit,139.49,Samsung,4.4
Smartphone XIAOMI REDMI14C128NOIR,113.83,Smartphone,4.2
"Xiaomi REDMI Note 13 4G Mint Green, Ecran 6.67'', Smartphone Débloqué, Batterie mAh 5000, Mémoire ROM 128GO,RAM 8GO, Android 13, Processeur Snapdragon® 685, Gravure en 6nm, Huit-Coeurs Jusqu’à 2,8GHz",135.0,Xiaomi,4.5
Samsung SM-A057 Galaxy A05s Dual SIM 4GB RAM 128GB Light Green EU,140.35,Samsung,4.3
"HAMMER H Rock Télephone Portable Incassable Debloqué IP68 Résistant Etanche Antichoc, Dual SIM, Batterie 1800mAh, Grosses Touches, Radio FM, MP3, Caméra, Lampe de Poche Noir",45.0,HAMMER,3.9
Energizer - Mobile E4 - Téléphone Senior Débloqué 2G - Bouton SOS - Batterie 1000 mAh - Clavier à Touches - Double Sim - FM Radio - Torche - Noir,14.99,Energizer,0.0
NOKIA 3310 - GSM 900/1800 (gris),94.65,NOKIA,3.2
Energizer - Mobile E13-2G - Téléphone Portable Double Sim - Noir - Mini SIM - Débloqué - Torche,27.55,Energizer,3.8
"Google Pixel 9 Pro – Smartphone Android débloqué avec Gemini, Triple Appareil Photo arrière, 24 Heures d'autonomie et écran Super Actua 6,3 Pouces – Porcelaine, 256GB",0.0,Google,4.5
"HONOR 200 Lite, Smartphone 5G, 8 Go + 256 Go, écran AMOLED Anti-Chute 6,7 Pouces, Triple Appareil Photo arrière 108 Mpx, Appareil Photo Avant 50 Mpx, Double SIM, Android 14, Cyan",184.9,HONOR,4.2
"Google Pixel 9 Pro XL – Smartphone Android débloqué avec Gemini, Triple Appareil Photo arrière, 24 Heures d'autonomie et écran Super Actua 6,8 Pouces – Noir Volcanique, 128GB",0.0,Google,4.3
"Xiaomi POCO X6 5G, Téléphone Mobile 12/256Go Noir, Carte SIM Non Incluse, Smartphone Android, Version FR",268.7,Xiaomi,4.5
"Energizer - Smartphone U506S - Pas Cher Débloqué 2GB RAM / 32GB ROM - Ecran 5"" - 3000 mah Batterie - Caméra 5MP+QVGA arrière / 2MP Avant - Android 13 GO - Noir",59.99,Energizer,3.8
Nokia 106 unlocked 4GB Dual Sim 2018 Gris Foncé avec Lampe Torche LED Radio FM Grand Bouton Téléphone,29.17,Nokia,3.0
"Xiaomi Redmi Note 13 Pro Smartphone, 5G, 8 + 256 GB, 16,67 cm (6,67 Zoll) Display, 1,5K 120 Hz AMOLED-Display, Snapdragon 7s, Ultra -Clear 200-MP-Kamera mit OIS, 5100 mAh, 67 W Turboaufladung, Blau",312.59,Xiaomi,4.4
"SAMSUNG Galaxy A14 5G, Téléphone portable 128 Go Noir Téléphone Intelligent (Android sans carte SIM)",189.0,SAMSUNG,4.2
Smartphone XIAOMI REDMI14C128BLEU,113.83,Smartphone,3.5
Sony Xperia 10 VI Noir - 6.1 Pouces 21:9 Wide OLED - Trois Longueurs Focales - Prise Jack 3.5 mm - Android 14 - Débloqué - 128GO - 8GO RAM - Extension Garantie 12 Mois Offerte [Exclusivité Amazon],299.0,Sony,3.9
Samsung Galaxy A55 5G Smartphone 256GB Mitternachtsblau,384.0,Samsung,4.3
Motorola Moto G34 5G 4 Go/128 Go Vert (Ocean Green) Double SIM XT2363-2,101.24,Motorola,4.3
Samsung SM-A256 Galaxy A25 Dual SIM 5G 6GB RAM 128GB Blue Black EU,222.57,Samsung,4.2
Xiaomi Redmi 13C 4GB RAM 128GB ROM [Version Globale] (Navy Blue),132.1,Xiaomi,4.2
"Samsung Galaxy A23 5G (64 GB) Black - Android Smartphone with 4 GB RAM, Free Mobile Phone with 5000 batterymAhand 6.4'' screen (ES Version)",456.38,Samsung,4.1
"SAMSUNG Galaxy A15, Smartphone Android 14, écran Super AMOLED 6,5"" FHD+, 4 Go de RAM, 128 Go, mémoire Interne Extensible jusqu'à 1 to, Batterie 5 000 mAh, Bleu",164.64,SAMSUNG,4.2
Samsung Galaxy A35 128GB 6RAM 5G EU Black,263.47,Samsung,4.2
"TTfone TT150 Téléphone Portable Basique Débloqué avec Bluetooth, Batterie Longue Durée, Double SIM avec Appareil Photo et Jeu, Facile à Utiliser, Robuste et Léger (Black)",29.68,TTfone,3.3
"POCO C75 6GB 128GB Or, Smartphone Android, 2,0 GHz, écran de 6,88"", Double caméra AI de 50 MP, Batterie de 5160mAh(Version Française + 2 Ans de Garantie)",124.9,POCO,4.2
"Motorola G34 5G 128 GB, smartphone débloqué, écran 6,5"", double capteur 50 mp, batterie 5000 mAh, chargeur 20W et coque de proctection inclus, Ice Blue",174.6,Motorola,4.4
Samsung Galaxy A14 4GB_128GB Black,173.42,Samsung,4.4
"Samsung Galaxy A15, Dual, 128GB 4GB Ram, Blue",174.37,Samsung,4.4
Mobile Phone Galaxy S21 FE 5G/128GB Graph. SM-G990B SAMSUNG,265.0,Mobile,4.2
"Xiaomi POCO M6 Pro, Téléphone Mobile 8/256Go Noir, Carte SIM Non Incluse, Smartphone Android, Version FR",171.9,Xiaomi,4.4
Energizer - Mobile E13-2G - Téléphone Portable Double Sim - Noir - Mini SIM - Débloqué - Torche,27.55,Energizer,3.8
"Xiaomi Redmi 13C NFC smartphone 4 Go RAM 128 Go ROM 6,74 ""écran 90 Hz 50 MP triple caméra 5000 mAh charge batterie Processeur Pide Otto Core double SIM carte MIUI 14"" Vert (sans chargeur)",0.0,Xiaomi,0.0
Samsung SM-A155F Galaxy A15 Dual SIM 4GB RAM 128GB Blue Black EU,147.85,Samsung,4.4
Energizer - Téléphone Mobile à Clavier Physique E29-2G - GSM - Double Sim (Mini SIM) - Noir - Débloqué- Téléphone sénior Robuste Pas Cher,19.49,Energizer,3.4
"Téléphone Google Pixel 8 Débloqué 5G, 8Go 256GB Noir volcanique",568.8,Téléphone,4.2
"Samsung Galaxy Z Fold6, Smartphone Android 5G avec Galaxy AI, 1 To, Chargeur secteur rapide 25W inclus, Smartphone déverrouillé, Gris, Version FR",0.0,Samsung,4.7
"Samsung Galaxy Z Flip6, Smartphone Android 5G avec Galaxy AI, 256 Go, Chargeur secteur rapide 25W inclus, Smartphone déverrouillé, Gris, Version FR",989.0,Samsung,3.7
"Google Pixel 9 – Smartphone Android débloqué avec Gemini, Appareil Photo avancé, 24 Heures d'autonomie et écran Actua 6,3 Pouces – Rose Pivoine, 256GB",899.0,Google,4.5
"Samsung Galaxy S24, Smartphone Android 5G, 128 Go, Chargeur secteur rapide 25W inclus [Exclusivité Amazon], Smartphone déverrouillé, Indigo, Version FR",699.0,Samsung,4.3
SAMSUNG Galaxy S22 5G Téléphone Mobile 128 Go SIM Libre Android Smartphone Phantom Black,320.99,SAMSUNG,4.2
"realme Smartphone Note 50 4G 4+128GB, Écran Lumineux 90 Hz, Appareil Photo avec I.A. de 13 MP, Ultra Fin avec Ses 7,99 mm, Batterie puissante de 5 000 mAh, Noir Minuit",94.56,realme,4.2
Samsung S23 8_128GB Noir,752.27,Samsung,4.4
Samsung Galaxy A25 Smartphone 128 Go 5G Bleu nuit,216.93,Samsung,4.4
"CMF Phone 1 8+128GB - Telephone Portable avec Appareil Photo arrière Sony 50 MP avec Ultra XDR, Affichage Super AMOLED 6,67"" et Nothing OS 2.6 - Noir",179.9,CMF,4.5
"XIAOMI REDMI NOTE 13 5G Graphite Black, Ecran 6.67'', Smartphone Débloqué, Batterie mAh 5000, Mémoire ROM 256GO,RAM 8GO, Android 13, MediaTek Dimensity 6080, Gravure en 6nm, huit-coeurs jusqu’à 2,4GHz",233.53,XIAOMI,4.1
Energizer - Téléphone Mobile à Clavier Physique E29-2G - GSM - Double Sim (Mini SIM) - Noir - Débloqué- Téléphone sénior Robuste Pas Cher,19.49,Energizer,3.4
Google Pixel 7a et chargeur – Smartphone Android 5G débloqué avec objectif grand angle et 24 heures d'autonomie – Neige,349.0,Google,4.2
Smartphone Samsung Galaxy A55 5G 256Go Bleu ciel,299.99,Smartphone,4.4
"Google Pixel 8 Pro – Smartphone Android débloqué avec téléobjectif, 24 Heures d'autonomie et écran Super Actua– Bleu Azur, 128GB",599.99,Google,4.4
Samsung Galaxy S24 FE Smartphone 128 Go Graphite,549.0,Samsung,4.4
"HONOR 200 Lite, Smartphone 5G, 8 Go + 256 Go, écran AMOLED Anti-Chute 6,7 Pouces, Triple Appareil Photo arrière 108 Mpx, Appareil Photo Avant 50 Mpx, Double SIM, Android 14, Cyan",184.9,HONOR,4.2
"HUAWEI Nova 12i 8Go+128Go Smartphone, Haute Résolution 108 MP, Chargement Rapide 40 W Turbo, Batterie 5000 mAh, EMUI 14, Écran AOD 6,7 Pouces, Téléphone Portable Debloqué LTE, Vert",249.0,HUAWEI,3.2
"Google Pixel 9 Pro – Smartphone Android débloqué avec Gemini, Triple Appareil Photo arrière, 24 Heures d'autonomie et écran Super Actua 6,3 Pouces – Porcelaine, 256GB",0.0,Google,4.5
"OnePlus 12R 5G 16 Go de RAM 256 Go de Stockage, Smartphone sans Carte SIM - Garanti 2 Ans - Cool Blue",499.0,OnePlus,4.5
Xiaomi Redmi Note 13 Pro+ 5G 2.8GHz 12GB+512GB Black(Version Française + 2 Ans de Garantie),440.07,Xiaomi,4.5
"Google Pixel 8a – Smartphone Android débloqué avec Module Photo Pixel avancé, Une journée complète d'autonomie et Une sécurité Robuste – Noir Volcanique, 256GB",459.0,Google,4.2
Xiaomi Redmi Note 13 Pro 4G 256GB Lavender Purple,190.0,Xiaomi,4.4
"Xiaomi Redmi Note 13 5G, Dual, 128GB 6GB Ram, Graphite Black",185.46,Xiaomi,4.3
"Google Pixel 9 Pro XL – Smartphone Android débloqué avec Gemini, Triple Appareil Photo arrière, 24 Heures d'autonomie et écran Super Actua 6,8 Pouces – Noir Volcanique, 256GB",0.0,Google,4.3
"Samsung SM-A556B, Galaxy A55 5G, Dual SIM, 8 Go 128 Go, Bleu Marine Fantastique, EU",280.59,Samsung,4.3
Xiaomi Redmi Note 13 4G 6GB RAM 128GB Mint Green,114.32,Xiaomi,4.2
Apple Iphone Xr 64Go Noir (Reconditionné),179.0,Apple,4.0
"Poco M6 Pro 12/512 Noir, Ecran 6.67'', Smartphone Débloqué, Batterie mAh 5000, Mémoire ROM 512 GO,RAM 12 GO, Android 13, Processeur MediaTek Helio G99-Ultra, Gravure en 6nm Huit-Coeurs Jusqu’à 2,2GHz",190.44,Poco,4.4
"MP myPhone Fusion Téléphone de Touches Grand Bouton écran Couleur 1,77"" Batterie 600mAh Torche Radio Double SIM Bluetooth téléphone Portable Seniors Touches éclairées Noir Téléphone Portable Seniors",17.9,MP,3.4
Xiaomi POCO C65 8 Go/256 Go Violet (Purple) Double SIM,149.92,Xiaomi,4.4
TARION Support de téléphone Portable Support vidéo Bras articulé Bras de Support de Bureau Flexible pour la vidéographie de Photographie Plate en Direct (Noir),25.3,TARION,4.1
"Google Pixel 8a – Smartphone Android débloqué avec Module Photo Pixel avancé, Une journée complète d'autonomie et Une sécurité Robuste – Bleu Azur, 128GB",399.0,Google,4.2
"Google Pixel 9 Pro XL – Smartphone Android débloqué avec Gemini, Triple Appareil Photo arrière, 24 Heures d'autonomie et écran Super Actua 6,8 Pouces – Vert Sauge, 512GB",0.0,Google,4.3
Energizer - Téléphone Portable à Clavier Physique Senior Débloqué - E4-2G - Bouton SOS - Batterie 1000 mAh - Double Sim (Mini SIM) - FM Radio - Torche - Noir,17.19,Energizer,3.4
"Xiaomi Redmi A1 Smartphone 4G, Grand écran HD+ 6,52"", Batterie 5000 mAh, Double caméra 8 MP, 32 Go, Bleu",86.99,Xiaomi,4.2
Samsung Galaxy A55 5G 8 Go/128 Go Violet (Awesome Lilac) Double SIM SM-A556,300.84,Samsung,4.5
Smartphone Samsung Galaxy A15 128Go Noir 5G,189.34,Smartphone,4.1
"Motorola MOTO G54 5G 8 GB RAM 256GB NOIR PETROLE, Smartphone déverrouillé, écran 6,5'', batterie 5000 mAh, chargeur, câble USB et coque de protection, Version FR",217.21,Motorola,4.5
"DOOGEE N55 [2024] Telephone Portable Android 14, 9GB RAM+128GB ROM/TF 1TB, Caméra AI 13MP, 6.56'' HD+, Smartphone Pas Cher Batterie 5150mAh, Widevine L1/4G OTG/Dual Nano SIM/Face ID",116.69,DOOGEE,4.2
Nothing Phone (2a) 8+128GB - Telephone portable avec Nothing OS 2.5 - Noir,280.25,Nothing,4.5
"Samsung Galaxy S21 FE, Téléphone mobile 5G 128Go Graphite, Carte SIM non incluse, smartphone Android, Version FR",242.0,Samsung,4.3
Xiaomi Redmi Note 12 Pro Graphite Gray 8GB RAM 256GB ROM,119.0,Xiaomi,4.4
"POCO F6 Snapdragon® 8s Gen 3, écran Flow AMOLED 120Hz, Chargeur Turbo 90W, Double caméra 50MP avec OIS, 12GB+512GB, Vert (Version Française + 2 Ans de Garantie)",361.9,POCO,4.3
"Téléphone Google Pixel 8 Débloqué 5G, 8Go 256GB Noir volcanique",568.8,Téléphone,4.2
"SAMSUNG GALAXY S24 Ultra, Smartphone Android 5G, 512 Go, Chargeur secteur rapide 25W inclus [Exclusivité Amazon], Smartphone déverrouillé, Ambre, Version FR",0.0,SAMSUNG,4.1
"Motorola XT2343-2 Moto G54 5G, Dual, 256GB 8GB RAM, Midnight Blue",146.9,Motorola,4.5
Samsung Galaxy A25 5G Black 256Go,255.0,Samsung,3.9
"Google Pixel 9 – Smartphone Android débloqué avec Gemini, Appareil Photo avancé, 24 Heures d'autonomie et écran Actua 6,3 Pouces – Noir Volcanique, 128GB",799.0,Google,4.5
"Samsung Galaxy A25 5G 16,5 cm (6.5"""") USB Type-C 6 Go 128 Go 5000 mAh Bleu, SM-A256BZBDEUE",196.77,Samsung,4.4
Samsung SM-A256 Galaxy A25 Dual SIM 5G 8GB RAM 256GB Blue EU,208.28,Samsung,4.4
Xiaomi Redmi Note 13 Pro+ 5G 256GB Midnight Black,469.0,Xiaomi,4.2
"Konrow - Moby - Téléphone GSM 2G Double SIM - Écran 1,77'', Mèmoire 32 Mo Extensible, Bluetooth 2.1, Micro USB, Batterie 600 Mah, Caméra 0,04 Mpx - Noir",26.41,Konrow,3.2
Samsung Galaxy A25 5G Blue 128Go 6go,218.31,Samsung,4.4
"Samsung Galaxy Z Flip6, Smartphone Android 5G avec Galaxy AI, 256 Go, Chargeur secteur rapide 25W inclus, Smartphone déverrouillé, Bleu, Version FR",984.0,Samsung,3.7
"CROSSCALL Core-M5 Nouvelle Version - Smartphone débloqué 4G Plus Écran: 4,95 Pouces - 64 Go - Dual Nano-SIM - Android 12",244.95,CROSSCALL,4.1
"Motorola G24 4G 128Go Noir Charbon + Moto tag, Smartphone débloqué, écran 6,6"", Double capteur 50MP, Dolby Atmos, Batterie 5000 mAh, Chargeur 20W et Coque de Protection Inclus",128.99,Motorola,3.2
Xiaomi Redmi Note 13 4G 6GB RAM 128GB Midnight Black,128.99,Xiaomi,4.3
"Xiaomi 13T Pro,AMOLED 144Hz Refresh Rate, 12+512GB,Leica Camera, Black",507.0,Xiaomi,4.4
"HAMMER H Rock Télephone Portable Incassable Debloqué IP68 Résistant Etanche Antichoc, Dual SIM, Batterie 1800mAh, Grosses Touches, Radio FM, MP3, Caméra, Lampe de Poche Noir",45.0,HAMMER,3.9
"Téléphone Google Pixel 8 Débloqué 5G, 8Go 256GB Noir volcanique",568.8,Téléphone,4.2
"Samsung Galaxy Z Fold6, Smartphone Android 5G avec Galaxy AI, 256 Go, Chargeur secteur rapide 25W inclus, Smartphone déverrouillé, Bleu nuit, Version FR",0.0,Samsung,4.7
"Samsung Galaxy Z Flip6, Smartphone Android 5G avec Galaxy AI, 256 Go, Chargeur secteur rapide 25W inclus, Smartphone déverrouillé, Gris, Version FR",989.0,Samsung,3.7
"Google Pixel 9 – Smartphone Android débloqué avec Gemini, Appareil Photo avancé, 24 Heures d'autonomie et écran Actua 6,3 Pouces – Rose Pivoine, 256GB",899.0,Google,4.5
Xiaomi Redmi Note 13 4G 6GB RAM 128GB Midnight Black,128.99,Xiaomi,4.3
"Nokia 110 4G 2023 Téléphone Portable Dual Sim, écran Couleur 1,8"", Appareil Photo, Purple [Italie]",46.88,Nokia,3.7
"Doro 8100 Plus 4G Smartphone Débloqué pour Seniors, Résistant à l'eau, avec Triple Caméra, Écran 6.1"", GPS, Reconnaissance Faciale, Socle Chargeur et Étui [Version Française] (Noir)",209.0,Doro,4.1
"Samsung Galaxy A55 5G, Smartphone Android, 256 Go, Chargeur secteur rapide 25W inclus [Exclusivité Amazon], Smartphone déverrouillé, Lilas, Version FR",429.0,Samsung,4.3
"Xiaomi REDMI Note 13 5G Ocean Teal, Ecran 6.67'', Smartphone Débloqué, Batterie mAh 5000, Mémoire ROM 256GO,RAM 8GO, Android 13, MediaTek Dimensity 6080, Gravure en 6nm, Huit-Coeurs Jusqu’à 2,4GHz",185.96,Xiaomi,4.2
Xiaomi 13T 5G 8 256 Go Leica Noir,395.0,Xiaomi,4.4
"Apple iPhone 11, 64Go, Noir - (Reconditionné)",229.0,Apple,3.7
"Xiaomi Redmi Note 13 Pro 16,9 cm (6.67"") Double SIM Android 13 4G USB Type-C 8 Go 256 Go 5000 mAh Violet",225.07,Xiaomi,4.3
"Xiaomi Redmi Note 13 Pro 5G 512GB (Midnight Black, Android 13, 5G, 12 GB LPDDR4X)",406.0,Xiaomi,4.3
"Doro 8100 4G Smartphone Senior - Téléphone Portable - Résistant à l'eau - Triple Caméra - Touche Assistance avec GPS - Écran 6.1"" - Reconnaissance Visage - Android 12 Go (Noir)",210.99,Doro,4.0
"Hammer H Power LTE Télephone avec Boutons Incassable Debloqué IP68 Résistant Etanche Antichoc, Dual SIM, Batterie 3100 mAh, Grosses Touches, Caméra 2mpx, Lampe de Poche, Boost, Noir",73.0,Hammer,3.8
"Samsung Galaxy Z Fold6, Smartphone Android 5G avec Galaxy AI, 256 Go, Chargeur secteur rapide 25W inclus, Smartphone déverrouillé, Bleu nuit, Version FR",0.0,Samsung,4.7
"HUAWEI Nova 12i 8Go+128Go Smartphone, Haute Résolution 108 MP, Chargement Rapide 40 W Turbo, Batterie 5000 mAh, EMUI 14, Écran AOD 6,7 Pouces, Téléphone Portable Debloqué LTE, Vert",249.0,HUAWEI,3.2
"HONOR 200 Lite, Smartphone 5G, 8 Go + 256 Go, écran AMOLED Anti-Chute 6,7 Pouces, Triple Appareil Photo arrière 108 Mpx, Appareil Photo Avant 50 Mpx, Double SIM, Android 14, Cyan",184.9,HONOR,4.2
"Google Pixel 9 Pro – Smartphone Android débloqué avec Gemini, Triple Appareil Photo arrière, 24 Heures d'autonomie et écran Super Actua 6,3 Pouces – Porcelaine, 256GB",0.0,Google,4.5
Smartphone Xiaomi Xiaomi 14T 256Go Gris concu avec Leica,519.0,Smartphone,4.1
"Samsung Galaxy Xcover7 Enterprise Edition, Robustes 6,6 Zoll Android Smartphone, 128 GB 6 GB",265.0,Samsung,4.2
"HUAWEI Nova 12i 8Go+128Go Smartphone, Haute Résolution 108 MP, Chargement Rapide 40 W Turbo, Batterie 5000 mAh, EMUI 14, Écran AOD 6,7 Pouces, Téléphone Portable Debloqué LTE, Vert",249.0,HUAWEI,3.2
Sony Xperia 1 VI Noir - 6.5 Pouces 19.5:9 FHD+ HDR OLED - Triple Objectif - Android 14 - Débloqué - 12GB RAM - 256GO - Double SIM Hybride - Extension Garantie 12 Mois Offerte [Exclusivité Amazon],0.0,Sony,4.1
Smartphone Xiaomi 14T Pro 512Go Noir conçu avec Leica,749.0,Smartphone,4.8
"Samsung A356B/DS Galaxy A35 5G, Dual, 256GB 8GB Ram, Awesome Navy",330.48,Samsung,4.5
"Samsung Galaxy A35, Smartphone Android 5G, 128 Go, Avec Enceinte JBL GO3 ECO [Exclusivité Amazon], Smartphone déverrouillé, Bleu nuit, Version FR",329.0,Samsung,4.1
"Doro 5860 - Téléphone Mobile 4G pour Senior, Son Clair et Puissant, Touches Numériques Parlantes, Caméra, Touche d'Assistance, Socle Chargeur Inclus - Blanc",91.9,Doro,4.1
"HONOR Magic4 Lite 4G Telephone Portable, 6 + 128 Go Smartphone Android 11 avec Appareil Photo 64 Mpx, écran LCD 6,81"" 120 Hz, Snapdragon 680, Charge Rapide 66W avec Batterie 4800 mAh Noir",255.21,HONOR,4.2
"Samsung Galaxy Z Flip5 Smartphone Android 5G avec Galaxy AI, 512 Go, Chargeur Secteur Rapide 25W Inclus [Exclusivité Amazon], Smartphone déverrouillé, Vert d'eau, Version FR",879.0,Samsung,4.4
"Samsung Galaxy A16 5G 128 Go, Smartphone Android déverrouillé, écran 6,7"", batterie 5000 mAh, Bleu nuit, Version FR",249.0,Samsung,4.5
"Xiaomi REDMI Note 13 Pro Plus 5G White, Ecran de 6.67'', Smartphone Débloqué, Batterie mAh 5000, Mémoire ROM 256GO,RAM 8GO, Android 13, MediaTek Dimensity 7200, Gravé 4nm, 8-Coeurs Jusqu’à 2,8GHz",280.85,Xiaomi,4.2
"Google Pixel 9 Pro XL – Smartphone Android débloqué avec Gemini, Triple Appareil Photo arrière, 24 Heures d'autonomie et écran Super Actua 6,8 Pouces – Vert Sauge, 256GB",0.0,Google,4.3
"Google Pixel 8a – Smartphone Android débloqué avec Module Photo Pixel avancé, Une journée complète d'autonomie et Une sécurité Robuste – Bleu Azur, 128GB",399.0,Google,4.2
Energizer - Téléphone Portable à Clavier Physique Senior Débloqué - E4-2G - Bouton SOS - Batterie 1000 mAh - Double Sim (Mini SIM) - FM Radio - Torche - Noir,17.19,Energizer,3.4
Energizer - Mobile E13-2G - Téléphone Portable Double Sim - Noir - Mini SIM - Débloqué - Torche,27.55,Energizer,3.8
"Samsung Galaxy S24 +, Smartphone Android 5G, 512 Go, Chargeur secteur rapide 25W inclus [Exclusivité Amazon], Smartphone déverrouillé, Noir, Version FR",0.0,Samsung,4.1
"OnePlus Nord CE 4 Lite 5G - Smartphone débloqué avec Double Appareil Photo 50 MP, 8 Go de RAM + 256 Go de Stockage - 2 Super Silver",224.0,OnePlus,4.6
"Motorola G85 5G, 256Go RAM 8 Go, Smartphone débloqué, écran incurvé 6,7"", Double capteur 50 MP, Batterie 5000 mAh, Charge Rapide 30W, Gris Charbon, Version française",244.99,Motorola,5.0
"OnePlus 12 5G 16 Go de RAM 512 Go de Stockage, Smartphone sans Carte SIM avec Appareil Photo Hasselblad de 4ème génération pour Mobile - Garanti 2 Ans - Flowy Emerald",774.0,OnePlus,4.5
"Xiaomi Redmi Note 13 Pro 5G Smartphone 8+256 Go, Snapdragon 7s Gen 2, 6,67"" Super QPD, Ultra-Clear 200 MP Camera, Black (EU Version)",255.0,Xiaomi,4.7
"SPC Talk - Téléphone Portable, Facile à Utiliser, écran 1,8"", Grande Batterie 800 mAh, Radio FM, Double Carte SIM, Lampe de Poche et caméra arrière - Noir",19.99,SPC,4.0
"Nothing Phone (2) - 256 Go + 12 Go Ram, Glyph Interface, Nothing OS 2.0, Double caméra 50 MP, OIS, Ecran LTPO OLED 6,7"", IP54, Batterie 4700 mAh, Smartphone débloqué Android 5G, Blanc",579.95,Nothing,4.6
Doro 2880 4G Téléphone Portable à Clapet pour Seniors - Simple d'Utilisation - Téléphone Portable sans Internet - Double Ecran - Touche d'Assistance - Touches Vocales - Bluetooth (Noir/Blanc),79.99,Doro,4.0
"Samsung Galaxy A35 5G, Dual, 128GB 6GB Ram, Awesome Navy",262.75,Samsung,4.4
Xiaomi 14T 12+512GB DS 5G Titan Black OEM,719.21,Xiaomi,5.0
"McMgc Téléphones Portables Bon marché, écran IPS de 5,0 Pouces, Android 9.0 OS, 16Go ROM (Extensible jusqu'à 128 Go), Double Carte SIM et Double Appareil Photo, (i15pro-Blue)",59.99,McMgc,2.9
"POCO F5 Pro 5G - Écran AMOLED 120Hz, Batterie 5160mAh 67W, Triple Caméra 64MP, 8+256Go, Blanc (Version Française + 2 ans de garantie)",299.9,POCO,4.3
Logicom - Téléphone Portable débloqué 4G avec Reconnaissance faciale - Smartphone Le Wave - (Écran 4'' Pouces - 8 Go - Double Nano-SIM - Android 11 Go Edition) Noir,59.99,Logicom,3.4
"Motorola Moto g85 5G 16,9 cm (6.67"") Double SIM Android 14 USB Type-C 12 Go 256 Go 5000 mAh Gris",276.26,Motorola,4.4
"Motorola Edge 50 Neo, 512Go RAM 12 Go, Smartphone débloqué, écran Compact 6,4"", Triple capteur 50 MP, résistant à l'eau, Coque Incluse, Latte, Version française",448.99,Motorola,0.0
Doro - 6820 - Téléphone 4G à Clapet Débloqué pour Seniors - Touches Numériques Parlantes - Caméra - Touche d'Assistance - Socle Chargeur,74.95,Doro,3.8
SAMSUNG GALAXY-S24U-256-NOIR Smartphone Nu,995.85,SAMSUNG,4.5
"DOOGEE S41T Téléphone Portable Incassable 2024 8Go+64Go(1To), 6300mAh Batterie Smartphone Incassable 13MP Caméra, Smartphone Antichoc Écran 5.5"" FHD Android 13, 4G Dual SIM/NFC",125.06,DOOGEE,4.0
Xiaomi Redmi 13C 4GB RAM 128GB ROM 5G Black,214.49,Xiaomi,4.3
"MOTOROLA EDGE 40 NEO 12Go 256Go, écran 6,5"", batterie 5000 mAh, smartphone débloqué 5G Black beauty",351.0,MOTOROLA,4.6
"Doro 1381 Téléphone Portable 2G Dual SIM Débloqué pour Seniors avec Grandes Touches, Caméra 2 MP, Touche d'Assistance et Socle Chargeur [Version Française] (Noir)",47.99,Doro,4.0
"CROSSCALL - Core-S5 Smart Feature Phone Débloqué 4G Écran: 2,4 Pouces - Dual Nano-SIM",99.9,CROSSCALL,1.0
"HUAWEI Mate 20 Lite Smartphone débloqué 4G (6,3 Pouces - 64 Go/4 Go - Double Nano-SIM ou Nano-SIM + Carte Micro-SD - Android) Noir [Version européenne]",179.99,HUAWEI,4.4
Samsung Galaxy A15 5G Smartphone 128 Go Lime,227.38,Samsung,4.4
TARION Support de téléphone Portable Support vidéo Bras articulé Bras de Support de Bureau Flexible pour la vidéographie de Photographie Plate en Direct (Noir),25.3,TARION,4.1
"Téléphone Google Pixel 8 Débloqué 5G, 8Go 256GB Noir volcanique",568.8,Téléphone,4.2
"Samsung Galaxy Z Fold6, Smartphone Android 5G avec Galaxy AI, 512 Go, Chargeur secteur rapide 25W inclus, Smartphone déverrouillé, Rose, Version FR",0.0,Samsung,4.7
"Samsung Galaxy Z Flip6, Smartphone Android 5G avec Galaxy AI, 256 Go, Chargeur secteur rapide 25W inclus, Smartphone déverrouillé, Gris, Version FR",989.0,Samsung,3.7
"Google Pixel 9 – Smartphone Android débloqué avec Gemini, Appareil Photo avancé, 24 Heures d'autonomie et écran Actua 6,3 Pouces – Rose Pivoine, 256GB",899.0,Google,4.5
Samsung Galaxy A15 5G Smartphone 128 Go Lime,227.38,Samsung,4.4
"Téléphone Portable Nokia 2660 Noir 4G 2,8"" 128 MB RAM",81.88,Téléphone,3.7
"OPPO A77 - Smartphone 5G Débloqué, 4 Go de RAM + 64 Go de Stockage Extensible, Ecran AMOLED 90Hz 6,43”, Caméra 48 MP, Batterie 5000 mAh + Charge Rapide 33W, Haut-Parleurs Stéréo, Bleu [version FR]",303.5,OPPO,4.5
Doro 1880 4G Téléphone Portable Débloqué Seniors - Touches Numériques Parlantes - Son Clair - Caméra - Bluetooth - Touche d'Assistance - Téléphone Portable Basique sans Internet (Rouge),66.47,Doro,4.3
"Samsung Galaxy A15 128 Go, Smartphone Android déverrouillé, écran 6,5"", batterie 5000 mAh, Bleu, Version FR",219.99,Samsung,4.3
"CUBOT P80 512GO Téléphone Portable-512GO ROM/1TO+16GO RAM, 6.58"" FHD+ Smartphone Android 13, 48MP+24MP Caméras, 5200mAh, MT8788 Octa Core, Dual SIM 4G, Fingerprint/NFC/OTG",167.91,CUBOT,3.5
"realme 12 5G Smartphone 8+256 GB, 108MP 3X Zoom Portrait Camera, 6-Level Dynamic Refresh Rate, 45W SUPERVOOC Charge 5000mAh Massive Battery, Woodland Green",188.49,realme,4.2
"Motorola Razr 50 8 +256 Go,écran 3,6"", Double capteur 50MP avec IA, résistant à l'eau, Gris Acier",698.99,Motorola,3.7
"TTfone TT175 Téléphone Portable Basique Débloqué à Double SIM avec Écran de 2,4 Pouces - Appareil Photo, Lampe Torche, Fonctions Simples, Médias, Jeux et Bluetooth",16.99,TTfone,3.2
"Blackview Telephone Portable 4G, A55 (2022) Smartphone Pas Cher Android 11 (Écran 6.52"" HD+ 5G WiFi, 4780mAh, 3Go RAM/SD-128Go, 8MP Triple caméra arrière, Double SIM) 3 Slots/Face ID/2Ans de Garantie",93.39,Blackview,3.9
"Panasonic Téléphone Portable à Clapet KX-TU550EXC, 4G, Appareil Photo 1,2MP, Téléphone Senior avec Grand Écran 2,8"", 300 Heures d'Autonomie en Veille, Bleu",84.98,Panasonic,3.9
Samsung Galaxy A14 5G 4GB 64GB Black,183.5,Samsung,4.3
"HUAWEI Nova 12i 8Go+128Go Smartphone, Haute Résolution 108 MP, Chargement Rapide 40 W Turbo, Batterie 5000 mAh, EMUI 14, Écran AOD 6,7 Pouces, Téléphone Portable Debloqué LTE, Vert",249.0,HUAWEI,3.2
Energizer - Téléphone Portable à Clavier Physique Senior Débloqué - E4-2G - Bouton SOS - Batterie 1000 mAh - Double Sim (Mini SIM) - FM Radio - Torche - Noir,17.19,Energizer,3.4
Energizer - Mobile E13-2G - Téléphone Portable Double Sim - Noir - Mini SIM - Débloqué - Torche,27.55,Energizer,3.8
"Samsung Galaxy A16 128 Go, Smartphone Android Déverrouillé, Écran 6,7"", Batterie 5000 mAh, Bleu Nuit, Version FR",219.0,Samsung,0.0
"Oppo Reno11 F 5G, Dual, 256GB 8GB Ram, Palm Green",270.0,Oppo,4.3
TTfone TT220 - Téléphone Portable à Grosses Touches pour Personnes âgées avec Bouton d'assistance en Cas d'urgence,17.99,TTfone,3.7
"realme Smartphone 12 Pro+ 5G 8 + 256GB, Appareil Photo Portrait avec Objectif périscope, Sony IMX890 OIS, Chipset Snapdragon® 7s Gen 2 5G, Écran à Vision incurvée de 120 Hz, Submarine Blue",319.99,realme,4.4
"Xiaomi Poco M6 - Smartphone de 8 + 256 Go, écran AMOLED de 6,79"" 90 Hz FHD+, MediaTek Helio G91-Ultra, Appareil Photo de 108 MP, 5030 mAh, Violet",159.0,Xiaomi,3.9
"realme c65 Smartphone 8+256 GB, 50MP AI Camera, 6.67'' Eye Comfort Display with 90Hz Refresh Rate, 45W Fast Charge, 5000mAh Massive Battery, NFC Supported, Starlight Black",129.99,realme,3.9
"realme C67 Smartphone 4G, 6 + 128GB, Appareil photo 108 MP Zoom x3, Processeur Snapdragon 685 6nm, Ultraslim 7,59 mm, Batterie 5000mAh, Black Rock",131.94,realme,4.3
"myPhone 6410 LTE Téléphone Simple 4G avec écran Clair et Gros Boutons, Grande Batterie 1400 mAh, Ice",39.0,myPhone,3.9
"Motorola Moto G 54 5G 16,5 cm (6.5"") Double SIM Android 13 USB Type-C",166.0,Motorola,4.3
YUAKUOD Samsung SM-A356B Galaxy A35 5G Dual SIM 8GB RAM 256GB Awesome Iceblue EU,331.85,YUAKUOD,4.5
"Xiaomi POCO C65, Téléphone mobile 8/256Go Noir, Carte SIM non incluse, smartphone Android, Version FR",141.9,Xiaomi,4.2
"swissvoice S510-C Smartphone Séniors 4G débloqué, Facile à Utiliser, Grosses Touches, socle Chargeur, lanière Tour de Cou, Bouton SOS géolocalisation - France-Bénélux",172.47,swissvoice,3.3
"HONOR 200 Lite, Smartphone 5G, 8 Go + 256 Go, écran AMOLED Anti-Chute 6,7 Pouces, Triple Appareil Photo arrière 108 Mpx, Appareil Photo Avant 50 Mpx, Double SIM, Android 14, Cyan",184.9,HONOR,4.2
"Google Pixel 9 Pro – Smartphone Android débloqué avec Gemini, Triple Appareil Photo arrière, 24 Heures d'autonomie et écran Super Actua 6,3 Pouces – Porcelaine, 256GB",0.0,Google,4.5
"Google Pixel 9 Pro XL – Smartphone Android débloqué avec Gemini, Triple Appareil Photo arrière, 24 Heures d'autonomie et écran Super Actua 6,8 Pouces – Vert Sauge, 256GB",0.0,Google,4.3
"Google Pixel 8a – Smartphone Android débloqué avec Module Photo Pixel avancé, Une journée complète d'autonomie et Une sécurité Robuste – Bleu Azur, 128GB",399.0,Google,4.2
"PANASONIC KX-TF200, Téléphone GSM 900/1800 MHz Bi-Bande, Ecran Couleur TFT LCD 2,4"", Appareil Photo 0,3MP, Batterie Li-ION 1000 mAh, Compatible Appareils Auditifs, 1 Carte SIM, Noir",49.99,PANASONIC,3.5
"Motorola Edge 50 Fusion, 256Go RAM 8 Go, smartphone débloqué, écran incurvé 6,7"", double capteur 50 MP, INCLUS: Coque, Chargeur ultra rapide 68W, Gris ardoise [version française]",298.99,Motorola,3.4
Doro 6060 - Téléphone 2G à Clapet Débloqué pour Seniors - Grandes Touches - Touche d'Assistance avec GPS - Socle Chargeur Inclus - Rouge,95.83,Doro,4.2
Samsung Q4-512 Go - Beige + 12 M Warranty,0.0,Samsung,3.8
"Huawei P20 Lite Smartphone débloqué 4G (5,84 pouces - 64 Go/4 Go - Double Nano-SIM - Android) Rose [Version européenne]",118.39,Huawei,4.3
Energizer - Mobile à clapet E282SC+ - 4G LTE - Batterie 1400 mAh - Double Sim (Nano SIM) - Garanti 3 Ans - Noir - Débloqué - Caméra 2MP,54.99,Energizer,0.0
Téléphone Portable Nokia 2660,78.49,Téléphone,3.7
"Xiaomi 14T Écran IA de 6,67 Pouces MediaTek Dimensity 8300-Ultra Xiaomi AISP Optique Leica Summilux HyperCharge 67W 3.35GHz 12GB 256GB Gris Titane (Version Française + 2 Ans de Garantie)",651.0,Xiaomi,3.7
"Hammer H Boost LTE Télephone Portable Incassable Debloqué IP68 Résistant Etanche Antichoc, Dual SIM, Batterie 3500 mAh, Grosses Touches, Radio FM, MP3, Caméra 2mpx, Lampe de Poche, Noir",89.09,Hammer,3.6
Motorola Moto G54 5G 8/256 Go PAYT0032SE,171.33,Motorola,4.5
Doro Téléphone portable GSM Primo 401 avec grand écran couleur et éclairé,57.9,Doro,3.9
Energizer - Téléphone Portable à Clavier Physique Senior Débloqué - E4-2G - Bouton SOS - Batterie 1000 mAh - Double Sim (Mini SIM) - FM Radio - Torche - Noir,17.19,Energizer,3.4
Nokia 2660 Flip TA-1469 DS DTC Lush Green,70.9,Nokia,3.9
"Hammer H Basalt all carriers 0.32GB Télephone Portable Incassable Debloqué IP68 Résistant Etanche Antichoc, Dual SIM, Batterie 1800mAh, Grosses Touches, Radio FM, MP3, Caméra, Lampe de Poche, Noir",55.67,Hammer,3.7
"TCL 50 SE 17,2 cm (6.78"") Double SIM Android 14 4G USB Type-C 6 Go 256 Go 5010 mAh Bleu",180.81,TCL,4.1
"Panasonic KX-TU446EXR Téléphone portable à Clapet, Téléphone Senior avec bouton d’appel d’urgence SOS, Antichoc,Amplificateur Vocal, Gros Boutons, Grand affichage des Caractères et des Chiffres, Rouge",70.39,Panasonic,4.3
"Nokia G22 64 Go, Android, gris météore",93.18,Nokia,3.6
CROSSCALL Trekker-M1 Core - Smartphone Reconditionné Grade A - Débloqué 4G (Écran : 4.5 Pouces - 16 Go - Dual Micro-SIM - Android) Noir/Rouge,0.0,CROSSCALL,0.0
Chrome Galaxy A14 5G BLUE,11.58,Chrome,0.0
"iCreation C30 - Téléphone Portable à clapet Noir avec Double écran (2,4"" + 1,77""), Grandes Touches et Chiffres, 2 mémoires directes, Bluetooth, Grande Batterie 800mAh, USB-C et Double SIM",40.15,iCreation,3.4
"SPC Prince 4G – Téléphone Portable à clapet pour Seniors, avec Grandes Touches faciles à Utiliser, Bouton SOS, Configuration à Distance, Socle de Charge, USB-C et 2 mémoires directes - Noir",49.99,SPC,3.5
"TTfone TT660 Téléphone Portable à clapet pour Les Personnes âgées - Design Pliable, Gros Boutons, Assistance en Cas d'urgence, Longue autonomie de Batterie (avec câble USB)",27.99,TTfone,4.0
"Nokia Téléphone portable 215 4G (2,8"", 128 Mo) Noir",74.4,Nokia,3.3
"MP myPhone Tango LTE Double Sim, téléphone Portable à clapet avec Deux Grands écrans : 2,4"" et 1,77"", Batterie 1400 mAh, 4G, Bluetooth, Bouton d'urgence, Caméra 2MP – Noir",74.23,MP,3.6
Energizer - Téléphone Mobile à Clavier Physique E29-2G - GSM - Double Sim (Mini SIM) - Noir - Débloqué- Téléphone sénior Robuste Pas Cher,19.49,Energizer,3.4
"Téléphone Google Pixel 8 Débloqué 5G, 8Go 256GB Noir volcanique",568.8,Téléphone,4.2
"Samsung Galaxy Z Fold6, Smartphone Android 5G avec Galaxy AI, 512 Go, Chargeur secteur rapide 25W inclus, Smartphone déverrouillé, Rose, Version FR",0.0,Samsung,4.7
"Samsung Galaxy Z Flip6, Smartphone Android 5G avec Galaxy AI, 256 Go, Chargeur secteur rapide 25W inclus, Smartphone déverrouillé, Gris, Version FR",989.0,Samsung,3.7
"Google Pixel 9 – Smartphone Android débloqué avec Gemini, Appareil Photo avancé, 24 Heures d'autonomie et écran Actua 6,3 Pouces – Rose Pivoine, 256GB",899.0,Google,4.5
TTfone TT20 Smart 3G téléphone Portable avec Android GO - 8 Go - Dual Sim - Écran Tactile 4 Pouces (Bleu),64.99,TTfone,3.2
Energizer - Mobile Clavier Physique E284S - 4G - Double Sim (Nano SIM) - Garanti 3 Ans - Noir/Bleu - WiFi - Débloqué,44.99,Energizer,2.7
Chrome Galaxy A13 4G/5G Black,15.17,Chrome,1.0
"SPC Zeus 4G Pro + Coque | Smartphone Senior Facile 4G avec Grandes Icônes | Bouton SOS et Configuration à Distance | Socle de Charge, Android 11, 64Go ROM + 4Go RAM, Noir",123.5,SPC,3.8
Google Pixel Fold 5G 256GB + 12GB RAM Factory Unlocked - Dual SIM (Nano-SIM + eSIM) - Faltbares Display Android Smartphone (Porzellan),0.0,Google,3.9
Xiaomi Redmi Note 10S Smartphone RAM 6GB ROM 64GB 6.43'' AMOLED DotDisplay 64MP Pebble White,149.27,Xiaomi,4.2
"iCreation C20 - Téléphone Portable à clapet Noir avec écran 2,4"", Grandes Touches, 2 mémoires directes, Bluetooth, Grande Batterie 800mAh, USB-C et Double SIM",39.86,iCreation,3.5
Emporia Euphoria Téléphone portable débloqué Noir,52.79,Emporia,4.3
"SPC Titan - Téléphone Portable Senior à clapet avec Grandes Touches, Facile à Utiliser, Sonnerie et Notifications intelligentes, Configuration à Distance, 2 mémoires directes, USB-C, Noir",26.26,SPC,4.1
"SPC Stella 2 - Téléphone Portable Senior à Clapet avec Grosses Touches, Bouton SOS, Facile à Utiliser, 3 Mémoires Directes, Base de Chargement - Noir",30.99,SPC,4.2
Doro - 6040 - Téléphone 2G à Clapet Débloqué pour Seniors - Grandes Touches - Touche d'Assistance avec GPS- Socle Chargeur Inclus - Rouge,78.97,Doro,4.3
"SweetLink F2PLUS Téléphone Portable à Clapet Téléphone Portable Senior avec Gros Boutons, Fonction d'appel d'urgence SOS, Batterie 1000 mAh, Lampe de Poche, Radio FM, écran Couleur 2,4 Pouces, Bleu",44.99,SweetLink,4.4
Energizer - Mobile E13-2G - Téléphone Portable Double Sim - Noir - Mini SIM - Débloqué - Torche,27.55,Energizer,3.8
"HUAWEI Nova 12i 8Go+128Go Smartphone, Haute Résolution 108 MP, Chargement Rapide 40 W Turbo, Batterie 5000 mAh, EMUI 14, Écran AOD 6,7 Pouces, Téléphone Portable Debloqué LTE, Vert",249.0,HUAWEI,3.2
"SHAPEHEART innovation française, Support telephone vélo magnétique, Pochette imperméable détachable. Porte téléphone vélo électrique. Support telephone vélo, trottinette, VTT... Accessoire vélo",21.64,SHAPEHEART,4.4
"SPC Discovery 2 ME – Smartphone 6,75” HD+, 6 Go RAM, 256 Go de mémoire Interne, Triple caméra AI, NFC, Charge Rapide 5000 mAh 18 W, téléphone Mobile Android 14, déverrouillage biométrique – Deep Sky",116.07,SPC,0.0
"SweetLink S2 Plus GSM Téléphone Senior Portable,Téléphone Portable à Grosses Touches,Bouton SOS, Batterie 1400mAh, Volume Fort, Chargement sur Socle, Radio FM,Lampe Torche,2G Double SIM, 1,77 “, Noir",33.99,SweetLink,4.3
"VTech - Gabby et La Maison Magique, Le Smartphone Éducatif, Téléphone Portable Enfant avec Écran Rétroéclairé, 4 Jeux, Oreille de Chat Lumineuse, Cadeau Enfant de 3 Ans à 7 Ans - Contenu en Français",19.99,VTech,4.5
"SPC Harmony 4G – Téléphone Portable Senior à Clapet avec Grosses Touches, Compatible avec appareils auditifs, Configuration à Distance, Bouton SOS, Volume élevé, Socle de Charge, Noir",54.49,SPC,3.5
"Panasonic KX-TG1611FRH DECT Téléphone Numérique Sans Fil, Base et Combiné, Identification de l'Appelant, Batterie Longue Durée, LCD, Mémoire de Rappel, Réveil, RÉPONDEUR Toute Touche, gris anthracite",21.99,Panasonic,3.9
"VTech - Disney La Reine des Neiges 2, Le Smartphone Éducatif, Téléphone Portable Enfant avec Écran Rétroéclairé, 4 Jeux, Jouet Interactif, Cadeau Enfant de 3 Ans à 7 Ans - Contenu en Français",19.99,VTech,4.4
"VTech - KidiCom Max 3.0 Rose, Portable Enfant Sans Forfait Sécurisé - 3/8 Ans – Version FR",108.5,VTech,4.1
"VTech - Peppa Pig, Le Smartphone Éducatif, Téléphone Portable Enfant avec Écran Rétroéclairé, 4 Jeux, Jouet Interactif, Cadeau Enfant de 2 Ans à 5 Ans - Contenu en Français",21.99,VTech,4.5
"VTech - KidiCom Max 3.0 Bleu, Portable Enfant Sans Forfait Sécurisé - 3/8 Ans – Version FR",107.99,VTech,4.0
"Gigaset E290 - téléphone sans fil pour seniors avec de larges touches, touches d'accès direct pour les numéros importants, fonction d'amplification pour un son extra fort, blanc",37.51,Gigaset,4.3
"VTech - Pat' Patrouille, Le Smartphone Éducatif, Téléphone Portable Enfant avec Écran Rétroéclairé, 4 Jeux, Jouet Interactif Paw Patrol, Cadeau Enfant de 3 Ans à 7 Ans - Contenu en Français",19.99,VTech,4.5
"VTech - KidiZoom Snap Touch Rose, Appareil Photo Numérique Portable, Photo, Selfie, Vidéo, Écran Tactile Couleur, Lecteur MP3, Bluetooth, Cadeau Enfant et Ado de 6 Ans à 13 Ans - Contenu en Français",64.9,VTech,4.3
"Google Pixel 9 Pro XL – Smartphone Android débloqué avec Gemini, Triple Appareil Photo arrière, 24 Heures d'autonomie et écran Super Actua 6,8 Pouces – Vert Sauge, 256GB",0.0,Google,4.3
"Google Pixel 9 Pro – Smartphone Android débloqué avec Gemini, Triple Appareil Photo arrière, 24 Heures d'autonomie et écran Super Actua 6,3 Pouces – Porcelaine, 256GB",0.0,Google,4.5
"Google Pixel 8a – Smartphone Android débloqué avec Module Photo Pixel avancé, Une journée complète d'autonomie et Une sécurité Robuste – Bleu Azur, 128GB",399.0,Google,4.2
"HONOR 200 Lite, Smartphone 5G, 8 Go + 256 Go, écran AMOLED Anti-Chute 6,7 Pouces, Triple Appareil Photo arrière 108 Mpx, Appareil Photo Avant 50 Mpx, Double SIM, Android 14, Cyan",184.9,HONOR,4.2
"DJI Nacelle intelligente Osmo Mobile SE pour téléphone à 3 axes, portable et pliable, Android et iPhone avec ShotGuides, nacelle pour smartphone avec ActiveTrack 6.0, vidéos YouTube",79.0,DJI,4.6
"VTech - Disney, Le Smartphone Éducatif de Minnie, Téléphone Portable Enfant avec Écran Rétroéclairé, 4 Jeux, Jouet Interactif Minnie Mouse, Cadeau Enfant de 3 Ans à 7 Ans - Contenu en Français",19.99,VTech,4.4
"VTech - Disney Junior Spidey, Le Smartphone Éducatif de Spidey, Téléphone Portable Enfant avec Écran Rétroéclairé, 4 Jeux, Jouet Interactif, Cadeau Enfant de 3 Ans à 7 Ans - Contenu en Français",19.99,VTech,4.4
Infini Fun - Mon Premier Vrai Duo de téléphones - Le Premier téléphone Qui Permet de Passer des appels Via Bluetooth ! - Jouets d'imitation Multi-apprentissages bilingue Français/Anglais dès 12 Mois,29.99,Infini,3.6
"VTech - Pat' Patrouille, Le Smartphone Éducatif Rose, Téléphone Portable Enfant avec Écran Rétroéclairé, 4 Jeux, Jouet Interactif Paw Patrol, Cadeau Enfant de 3 Ans à 7 Ans - Contenu en Français",17.99,VTech,4.5
"VTech - KidiZoom Snap Touch Bleu, Appareil Photo Numérique Portable, Photo, Selfie, Vidéo, Écran Tactile Couleur, Lecteur MP3, Bluetooth, Cadeau Enfant et Ado de 6 Ans à 13 Ans - Contenu en Français",62.99,VTech,4.2
"INFINIFUN - Mon Kit High Tech - Téléphone, télécommande et clés - Découvrir Les Animaux, Chiffres, Couleurs et Formes - Jeux Educatif pour Enfant - I13900",29.99,INFINIFUN,4.5
"Miracase Support Telephone Voiture [Rotation 360°& Ventouse Puissante] Porte Telephone Voiture Grille D'aération & Pare-Brise & Tableau de Bord, Compatible avec Tous Les Smartphones/GPS 4.0''-7.2''",26.54,Miracase,4.4
"Miracase Support de téléphone Portable antidérapant pour bouches d'aération de Voiture, Support de Voiture Universel pour Smartphone pour iPhone/Samsung/Huawei, etc.",17.99,Miracase,4.5
"Infini Fun, Mon Premier Duo de Téléphones, jouet d'éveil éducatif, téléphone Bébé, 12 mois",29.99,Infini,3.8
"Amazon Basics Support de téléphone portable ajustable pour iPhone et Android, Simple, Jumeau, Noir",7.97,Amazon,4.6
"NEEWER Lumière Téléphone pour Selfie LED avec Clip, 60 LED de Haute Puissance, Batterie Rechargeable de 2000mAh, CRI95+, 3 Modes d'éclairage, Lampe Vidéo à Pince Portable pour Appels Via Zoom, TikTok",34.81,NEEWER,4.6
"GRIFEMA GH02, Universelle Cordon Telephone Portable avec Patch, Sangle Réglable, Compatible avec la Plupart des Coques de Téléphone, Noir",5.1,GRIFEMA,4.3
"INIU Batterie Externe, 22.5W 10000mAh Power Bank, Batterie Portable USB C Input & Output PD3.0 QC4.0 Charge Rapide Powerbank Compatible avec iPhone 16 15 14 13 12 Pro Max Plus Samsung iPad Pro etc",14.03,INIU,4.6
"Miracase Support TéLéphone Voiture Très Stable【Crochet MéTallique】 Porte TéLéphone Portable pour Grille D'aération Voiture GPS, 360° Support Universel Mains Libres pour (4-7.2"" Smartphone)",13.89,Miracase,4.3
"VTECH- Telephone EMOTI'FUN Noir & Blanc Jouets ELECTRONIQUES EDUCATIFS, 80-603785, Multicolore - Version FR",19.99,VTECH-,4.6
"Miracase Support Téléphone Voiture [2024 Ventouse Puissante] Porte Telephone Voiture Tableau de Bord, Rotation 360° Portable Voiture pour iPhone Compatible avec 4-7.2"" Smartphone",15.59,Miracase,4.5
"Oderra Cordon Telephone Portable, Tour de Cou Telephone, Universelle Laniere Bandouliere Telephone Portable, Réglable Poignet Laniere, avec Porte-Clés, Patch, Pendentif en Silicone (Noir)",4.99,Oderra,0.0
"JBL GO 3 – Enceinte Bluetooth portable et légère, aux basses intenses et au style audacieux – Étanche à l’eau et à la poussière – Autonomie 5 hrs – Noir",34.99,JBL,4.8
"SHAPEHEART innovation française, Support telephone vélo magnétique, Pochette imperméable détachable. Porte téléphone vélo électrique. Support telephone vélo, trottinette, VTT... Accessoire vélo",21.64,SHAPEHEART,4.4
Miracase Support Téléphone Voiture【Militaire Ventouse】 Porte Telephone Voiture Universel【4 En1】 adapté Tableau Bord & Pare-Brise & Bouches & Table Compatible Tous Smartphones 4.0''-7.0'',17.61,Miracase,4.5
"Miracase Support Telephone Voiture, [2 en 1] Porte Téléphone Voiture Grille aération Pare Brise Tableau de Bord Compatible avec iPhone, Samsung, Huawei, Xiaomi",15.29,Miracase,4.5
"STIKKI® Pâte de Nettoyage avec stylos Multifonctions – pour téléphone Portable, Smartphone, écouteurs et Bien Plus Encore, Le kit de Nettoyage Professionnel",11.16,STIKKI®,4.0
Miracase Support Telephone Voiture Bouche D'aération[Crochet Double Métallique Amélioré]360° Rotation Porte Téléphone Voiture Mains libres à une main pour tous les Smartphones,21.52,Miracase,4.6
"VTech CS1501 Téléphone sans Fil DECT à Deux combinés avec Blocage d'appel, Identification de l'appelant/Appel en Attente, Haut-Parleur Mains Libres, écran et Clavier rétroéclairés",23.09,VTech,4.2
"Téléphone Google Pixel 8 Débloqué 5G, 8Go 256GB Noir volcanique",568.8,Téléphone,4.2
"Samsung Galaxy Z Fold6, Smartphone Android 5G avec Galaxy AI, 512 Go, Chargeur secteur rapide 25W inclus, Smartphone déverrouillé, Rose, Version FR",0.0,Samsung,4.7
"Samsung Galaxy Z Flip6, Smartphone Android 5G avec Galaxy AI, 256 Go, Chargeur secteur rapide 25W inclus, Smartphone déverrouillé, Gris, Version FR",989.0,Samsung,3.7
"Google Pixel 9 – Smartphone Android débloqué avec Gemini, Appareil Photo avancé, 24 Heures d'autonomie et écran Actua 6,3 Pouces – Rose Pivoine, 256GB",899.0,Google,4.5
Miracase Support Telephone Voiture Bouche D'aération[Crochet Double Métallique Amélioré]360° Rotation Porte Téléphone Voiture Mains libres à une main pour tous les Smartphones,21.52,Miracase,4.6
"Miracase Support Téléphone Voiture, 2024 Clip D'aération en Métal Aimant, [6X] N52 NdFeB Magnetique Porte Telephone Compatible avec Tous Les Smartphones 4.0''-7.0''",25.39,Miracase,4.6
"MP Tech AK Support Téléphone Voiture Ventouse pour Tableau de Bord Pare-Brise, Rotation 360° Bras Prolongé Angle Télescopique Porte Telephone Voiture pour Smartphones et GPS 4.7-7.0 Pouces",16.99,MP,4.3
"Zivacate Pack de 2 Support Téléphone Bureau, [Pliable & Réglable], Porte Telephone Pliable Compatible avec iPhone 15, 14, 13 Pro Max, Tous Les Téléphones Mobiles de 4'' à 7.9''",12.88,Zivacate,4.3
"Hoppac Support Telephone Voiture Grille Aeration, Porte Téléphone Voiture, Accroche en Acier, 360° Rotation, Bouton de Libération, Socles Téléphone Portable Automobile pour Smartphone iPhone 4-7 in",8.49,Hoppac,4.4
"Janod - Téléphone Enfant Sonore en Bois - Jouet d'Imitation - Dès 18 Mois, J05334",13.48,Janod,4.3
"Lot de 4 Multicolores Pochettes étanches pour téléphone, Grand Pochettes étanches pour téléphone (Niveau de Protection:IP68) Sports de Plein air pour Apple iPhone, Samsung et jusqu'à 7,5 Pouces",8.53,Lot,4.3
"Hoppac Support Telephone Voiture, Porte Téléphone Voiture Tableau de Bord et Voiture Pare-Brise, 360 Degrés Rotation, Un Bouton de Libération, pour 4-7 in Smartphone",8.99,Hoppac,4.2
TELLUR Support magnétique pour téléphone Portable de Voiture,5.99,TELLUR,4.3
Manfrotto MCLAMP Pince universelle pour Smartphone avec Pas de Vis 1/4 Noir,8.99,Manfrotto,4.4
"Samsung Galaxy A35, Smartphone Android 5G, 128 Go, Avec Enceinte JBL GO3 ECO [Exclusivité Amazon], Smartphone déverrouillé, Bleu nuit, Version FR",329.0,Samsung,4.1
"Miracase [Qualité Militaire Support Telephone Voiture, Universel Porte Telephone Voiture Grille Aeration Compatible avec iPhone14 Pro Max 13 12 11 8 Mini X XR SE, Samsung, Huawei, Xiaomi",18.22,Miracase,4.5
"SPC Stella 2 - Téléphone Portable Senior à Clapet avec Grosses Touches, Bouton SOS, Facile à Utiliser, 3 Mémoires Directes, Base de Chargement - Noir",30.99,SPC,4.2
"HUAWEI Nova 12i 8Go+128Go Smartphone, Haute Résolution 108 MP, Chargement Rapide 40 W Turbo, Batterie 5000 mAh, EMUI 14, Écran AOD 6,7 Pouces, Téléphone Portable Debloqué LTE, Vert",249.0,HUAWEI,3.2
Energizer - Mobile E13-2G - Téléphone Portable Double Sim - Noir - Mini SIM - Débloqué - Torche,27.55,Energizer,3.8
"Xiaomi Poco M6 - Smartphone de 8 + 256 Go, écran AMOLED de 6,79"" 90 Hz FHD+, MediaTek Helio G91-Ultra, Appareil Photo de 108 MP, 5030 mAh, Violet",159.0,Xiaomi,3.9
"TCL 4021 Téléphone Portable Convivial, écran 2G de 4,6 cm (1,8""), caméra arrière, 4 Mo de RAM, 4 Mo de ROM, Batterie 1030 mAh",29.55,TCL,3.8
Smartphone XIAOMI REDMIA3VERT,89.0,Smartphone,4.0
"HUAWEI Pura 70 Smartphone,12GB + 256GB, écran à Bords Plats, Prend en Charge Les fonctionnalités Capture Ultra-Rapide, Verre Kunlun Super Résistant et EMUI, 66W Supercharge, Batterie de 4900mAh, Noir",799.99,HUAWEI,4.1
"HONOR Magic V2 Smartphone, téléphone portable 5G, sans SIM, 16+512 Go, écran OLED pliable 6,43''+7,92'', 5000mAh, double SIM, Android 13, Purple",0.0,HONOR,3.6
"swissvoice S510-C Smartphone Séniors 4G débloqué, Facile à Utiliser, socle Chargeur, lanière Tour de Cou, Bouton et Bracelet SOS géolocalisation, étui de Protection- France-Bénélux",163.63,swissvoice,4.7
"DOOGEE Blade 10 Telephone Portable Incassable Android 14, 9Go + 128Go TF2To Smartphone Incassable 2024, 6.56"" HD+ Écran 90Hz, 5150mAh, 16MP+8MP Téléphone de Chantier, IP68/IP69K/3 Card Slots/OTG/2024",155.79,DOOGEE,4.5
"Energizer Ultimate U652S - Smartphone 6.5'', 4G, Batterie de 4000mAh, Mémoire ROM 64Go RAM 2Go, Débloqué - Pas Cher - Version Monde Hors Europe",75.99,Energizer,0.0
TARION Support de téléphone Portable Support vidéo Bras articulé Bras de Support de Bureau Flexible pour la vidéographie de Photographie Plate en Direct (Noir),25.3,TARION,4.1
HUAWEI Mate X3 12GB+512GB Dark Green,0.0,HUAWEI,0.0
"CROSSCALL Core-Z5 - Smartphone 5G Garanti 5 Ans - Aussi performant Que Durable, Noir",679.95,CROSSCALL,3.8
"Motorola Mobility Motorola Moto g54 5G (écran FHD+ 6,5"", Double caméra 50 MP, 8/256 Go, 5000 mAh, Android 13) Bleu Indigo (Cuir végétalien), avec Housse de Protection + Support pour téléphone portabl",178.0,Motorola,4.4
"Google Pixel 9 Pro XL – Smartphone Android débloqué avec Gemini, Triple Appareil Photo arrière, 24 Heures d'autonomie et écran Super Actua 6,8 Pouces – Vert Sauge, 256GB",0.0,Google,4.3
"Energizer - Smartphone U506S - Pas Cher Débloqué 2GB RAM / 32GB ROM - Ecran 5"" - 3000 mah Batterie - Caméra 5MP+QVGA arrière / 2MP Avant - Android 13 GO - Noir",59.99,Energizer,3.8
"Google Pixel 9 Pro – Smartphone Android débloqué avec Gemini, Triple Appareil Photo arrière, 24 Heures d'autonomie et écran Super Actua 6,3 Pouces – Porcelaine, 256GB",0.0,Google,4.5
"Google Pixel 8a – Smartphone Android débloqué avec Module Photo Pixel avancé, Une journée complète d'autonomie et Une sécurité Robuste – Bleu Azur, 128GB",399.0,Google,4.2
System-s Support universel flexible Table & Lit col de cygne Bras de fixation Support pour smartphone téléphone portable,11.5,System-s,4.0
"Oppo A60, Dual, 256GB 8GB Ram, Midnight Purple",179.0,Oppo,4.3
"Shapeheart innovation française, Brassard téléphone sport universel pour running, course à pied, rando... Brassard pour smartphone avec pochette magnétique détachable imperméable",25.46,Shapeheart,4.4
"Sony Xperia 10 IV - Smartphone Android, Téléphone Portable 6 Pouces 21:9 Wide OLED - Camera 3 Objectifs - Prise Jack 3.5 mm - 6Go RAM - 128Go Stockage - Double SIM Hybride (Noir)",214.0,Sony,4.1
"VTech - KidiCom Advance 3.0 Rose, Portable Enfant Sans Forfait Sécurisé – 6/12 Ans – Version FR",134.68,VTech,3.8
"Huawei, Y6s, Smartphone débloqué, 4G, (6,09"", 32Go, Double Nano SIM, Android 9) Starry Black",82.21,"Huawei,",4.4
Phonque Le Plus Petit Mini téléphone Prend en Charge la Double Carte SIM GSM débloqué téléphone de Secours BM10,19.99,Phonque,5.0
"VAOUGE Support Telephone, Universelle Lit Support Téléphone Portable Cou 360° Porte Telephone Bureau avec Flexible Bras Long Multifonction Support Smartphone pour iPhone 13 12 11 Pro XS Max Galaxy S20",29.99,VAOUGE,4.2
"BHHB Magsafe Support de téléphone Portable avec 16 aimants puissants pour Ventilation de Voiture,Rotatif à 360°,Convient pour iPhone 16,15,14,13,12 Pro Max,Samsung Huawei Autres téléphones Portables",9.49,BHHB,4.3
"realme Narzo 50-4+128 GB Smartphone, Batterie puissante de 5 000 mAh, Processeur Helio G96, Écran 120 Hz Ultra Fluide, Triple Appareil Photo I.A. de 50 MP, Emplacement pour 3 Cartes, Noir véloce",135.57,realme,4.3
"Gigaset A695A - téléphone DECT sans fil avec répondeur - grand écran à haut contraste - excellente qualité audio - profils sonores réglables - fonction mains libres - protection d'appel, Gris",32.99,Gigaset,4.2
"Téléphone à touches Hammer 6 LTE, grande batterie 2500mah jusqu'à 7 jours en veille, lampe de poche et touche SOS, technologie Volte, touches rétroéclairées, IP68 1,5 mètres droptest, écran 2,4 pouces",69.0,Téléphone,4.4
"DJI Stabilisateur pour smartphone OSMO Mobile 6, en trois axes pour téléphones, bras extensible intégré, portable et pliable, stabilisateur pour vidéoblogs, vidéos YouTube et TikTok, gris ardoise",99.0,DJI,4.4
"INIU Batterie Externe, Mini 10000mAh 22.5 W Power Bank Charge Rapide Chargeur Portable, USB C Out & Input Powerbank avec Support pour iPhone 16 15 14 13 Pro Max Plus Samsung S23 S22 AirPods iPad etc",18.32,INIU,4.5
Smartphone XIAOMI REDMI13ROSE,149.9,Smartphone,3.7
"BHHB Support Téléphone, Support de Tablette Pliable Support de téléphone Portable pour Bureau, Compatible avec Samsung Huawei iPad Mini iPhone Tous Les Smartphones - Noir",8.59,BHHB,4.6
Samsung SM-A057 Galaxy A05s Dual SIM 4GB RAM 64GB Silver EU,117.65,Samsung,3.8
"Motorola Moto E13 Noir Cosmique 8+128 Go 6,5"" HD+",159.09,Motorola,4.1
Nokia 110 4G Noir,52.82,Nokia,3.7
Doro 8100,202.87,Doro,3.6
"POCO C65 Smartphone 8 + processeur MediaTek Helio G85 256 G-256 G, écran lisse de 6,744"" 90 Hz, charge rapide 18 W",122.99,POCO,4.3
Samsung Galaxy A53 6.5IN 5G A536 128GB Black,197.99,Samsung,4.3
Motorola Moto G14 8/256GB Sky Blue Libre,143.35,Motorola,4.3
Xiaomi Redmi 9AT 32GB Dual Sim Gris,84.0,Xiaomi,3.9
"HONOR 200 Lite, Smartphone 5G, 8 Go + 256 Go, écran AMOLED Anti-Chute 6,7 Pouces, Triple Appareil Photo arrière 108 Mpx, Appareil Photo Avant 50 Mpx, Double SIM, Android 14, Cyan",184.9,HONOR,4.2
"Téléphone Google Pixel 8 Débloqué 5G, 8Go 256GB Noir volcanique",568.8,Téléphone,4.2
"Samsung Galaxy Z Fold6, Smartphone Android 5G avec Galaxy AI, 512 Go, Chargeur secteur rapide 25W inclus, Smartphone déverrouillé, Rose, Version FR",0.0,Samsung,4.7
"Samsung Galaxy Z Flip6, Smartphone Android 5G avec Galaxy AI, 256 Go, Chargeur secteur rapide 25W inclus, Smartphone déverrouillé, Gris, Version FR",989.0,Samsung,3.7
"Google Pixel 9 – Smartphone Android débloqué avec Gemini, Appareil Photo avancé, 24 Heures d'autonomie et écran Actua 6,3 Pouces – Rose Pivoine, 256GB",899.0,Google,4.5
Nokia 110 4G Noir,52.82,Nokia,3.7
Doro 8100,202.87,Doro,3.6
"POCO C65 Smartphone 8 + processeur MediaTek Helio G85 256 G-256 G, écran lisse de 6,744"" 90 Hz, charge rapide 18 W",122.99,POCO,4.3
Samsung Galaxy A53 6.5IN 5G A536 128GB Black,197.99,Samsung,4.3
Motorola Moto G14 8/256GB Sky Blue Libre,143.35,Motorola,4.3
Xiaomi Redmi 9AT 32GB Dual Sim Gris,84.0,Xiaomi,3.9
"CROSSCALL : Core-X5 Smartphone débloqué 4G+ (Écran : 5,45 Pouces - 128 Go - Dual Nano-SIM - Android 11 – 48 MP), Noir",448.11,CROSSCALL,4.1
Samsung Galaxy A14 Dual LTE (A145) 64GB 4GB RAM Black,102.12,Samsung,4.1
"Sony Xperia 5 IV - Smartphone Android, Téléphone Portable Ecran 6.1 Pouces 21:9 Wide HDR OLED - Taux de rafraichissement de 120Hz - Triple Objectif (avec Un revêtement ZEISS T*) - 8Go RAM (Ecru)",759.99,Sony,4.1
"HONOR 90 Smart + Coque, Smartphone 5G, 4Go+128Go, Écran 6,8"", Batterie 5330mAh, Triple Appareil Photo 108 MP, Double SIM, Android 13, Noir",199.9,HONOR,4.3
Samsung SM-A356B Galaxy A35 5G Dual SIM 6GB RAM 128GB Awesome Iceblue EU,223.65,Samsung,4.3
"SweetLink F1 GSM Téléphone Portable Senior Clapet Débloqué avec Grandes Touches, Fonction d'appel d'urgence SOS, Batterie 1000mAh, Lampe de Poche, Radio FM, écran Couleur 2,4"", Noir",35.99,SweetLink,4.4
"HUAWEI Nova 12i 8Go+128Go Smartphone, Haute Résolution 108 MP, Chargement Rapide 40 W Turbo, Batterie 5000 mAh, EMUI 14, Écran AOD 6,7 Pouces, Téléphone Portable Debloqué LTE, Vert",249.0,HUAWEI,3.2
Energizer - Mobile E13-2G - Téléphone Portable Double Sim - Noir - Mini SIM - Débloqué - Torche,27.55,Energizer,3.8
"Google Pixel 9 Pro XL – Smartphone Android débloqué avec Gemini, Triple Appareil Photo arrière, 24 Heures d'autonomie et écran Super Actua 6,8 Pouces – Vert Sauge, 256GB",0.0,Google,4.3
Xiaomi Redmi 13C 4G 256GB/8GB Dual Sim Black,147.1,Xiaomi,4.1
"Xiaomi REDMI A2 3 64GB Noir, Ecran de 6.5'', Smartphone Débloqué, Batterie mAh 5000, Mémoire ROM 64 GO,RAM 3 GO, Android 13, Processeur MediaTek Helio G36",77.42,Xiaomi,4.3
Samsung Galaxy A15 5G Smartphone 128 Go Bleu,187.0,Samsung,4.2
Samsung Galaxy Z Fold 5 (F946) Dual 5G 256 Go 12 Go de RAM (Noir fantôme) Noir,749.99,Samsung,3.8
Samsung SM-A256 Galaxy A25 Dual SIM 5G 6GB RAM 128GB Yellow EU,189.99,Samsung,4.4
"Samsung Galaxy J5 (2017) 16 Go 5,2"" 13 MP Smartphone sans carte SIM Noir (renouvelé)",68.02,Samsung,4.1
"Google Pixel 9 Pro – Smartphone Android débloqué avec Gemini, Triple Appareil Photo arrière, 24 Heures d'autonomie et écran Super Actua 6,3 Pouces – Porcelaine, 256GB",0.0,Google,4.5
"Google Pixel 8a – Smartphone Android débloqué avec Module Photo Pixel avancé, Une journée complète d'autonomie et Une sécurité Robuste – Bleu Azur, 128GB",399.0,Google,4.2
Energizer - Téléphone Portable à Clavier Physique Senior Débloqué - E4-2G - Bouton SOS - Batterie 1000 mAh - Double Sim (Mini SIM) - FM Radio - Torche - Noir,17.19,Energizer,3.4
"HUAWEI Band 8 Montre Connectée,Écran Tactile sans Bordure,Suivi du Sommeil,100+ Modes d'entrainement,Charge Rapide,Longue durée,10001+Cadrans au Choix,Étanche,Compatible avec iPhone et Android,Rose",32.99,HUAWEI,4.5
"HONOR 200 Lite, Smartphone 5G, 8 Go + 256 Go, écran AMOLED Anti-Chute 6,7 Pouces, Triple Appareil Photo arrière 108 Mpx, Appareil Photo Avant 50 Mpx, Double SIM, Android 14, Cyan",184.9,HONOR,4.2
